metric,baseline,budget,mean_h,mean_b,delta,ci_lower,ci_upper,raw_p,holm_p,significant_holm,cohens_dz
comp_efficiency,max,10,1.0956986132601882,1.2255454294995567,-0.12984681623936883,-0.18948489990881845,-0.07019036625161902,9.999000099990002e-05,0.000999900009999,True,-0.05987965206469279
comp_efficiency,mean,10,1.0956986132601882,1.067658980723423,0.02803963253676521,-0.030676100539351523,0.0868297394210461,0.3578642135786421,0.0,False,0.01309854880645435
comp_efficiency,sum,10,1.0956986132601882,1.2663210973967083,-0.17062248413652045,-0.22899832699982373,-0.11282235527872504,9.999000099990002e-05,0.0033996600339966003,True,-0.08016547933803876
comp_efficiency,max,20,1.0133344667509103,1.1011685864540532,-0.08783411970314314,-0.12640710330149862,-0.049455220584477357,0.00019998000199980003,0.000999900009999,True,-0.06253804027370397
comp_efficiency,mean,20,1.0133344667509103,0.9687200795024705,0.0446143872484397,0.005166407281731826,0.08426017358981917,0.028897110288971104,0.08669133086691332,False,0.030949531301577755
comp_efficiency,sum,20,1.0133344667509103,1.1201887348393613,-0.10685426808845103,-0.14539489992868992,-0.0674063653718509,9.999000099990002e-05,0.0029997000299970007,True,-0.07687234245179211
comp_efficiency,max,30,0.9205698812965363,0.9482021533736005,-0.02763227207706421,-0.0554536825630084,0.00042583092850722264,0.054394560543945605,0.0,False,-0.027048007648758702
comp_efficiency,mean,30,0.9205698812965363,0.858556926528957,0.06201295476757905,0.033474191724026235,0.09082101285364157,9.999000099990002e-05,0.0015998400159984002,True,0.059525111634841116
comp_efficiency,sum,30,0.9205698812965363,0.9579449525618826,-0.03737507126534644,-0.06478330778718895,-0.010303341084864802,0.0065993400659934,0.0263973602639736,True,-0.03783381504351053
comprehensiveness,max,10,0.30358792488155995,0.16209963688367712,0.1414882879978828,0.13229416712811912,0.15100739704101232,9.999000099990002e-05,0.0012998700129987003,True,0.4192791746944791
comprehensiveness,mean,10,0.30358792488155995,0.14324059257088245,0.16034733231067747,0.15058199522187993,0.17027582981605005,9.999000099990002e-05,0.0024997500249975004,True,0.45371643706222453
comprehensiveness,sum,10,0.30358792488155995,0.1664511628090064,0.13713676207255351,0.1279708787539667,0.14619057414955725,9.999000099990002e-05,0.0035996400359964006,True,0.41673643833775026
comprehensiveness,max,20,0.3093540345969421,0.20682136788564723,0.10253266671129485,0.09394360738343162,0.11140879392617825,9.999000099990002e-05,0.001999800019998,True,0.325477919759125
comprehensiveness,mean,20,0.3093540345969421,0.18418578346091183,0.12516825113603025,0.11595579501425583,0.13454180794077067,9.999000099990002e-05,0.0020997900209979003,True,0.3741599948802826
comprehensiveness,sum,20,0.3093540345969421,0.2106754361399701,0.09867859845697198,0.09008772782836946,0.1074941992735925,9.999000099990002e-05,0.0031996800319968005,True,0.3176744171809352
comprehensiveness,max,30,0.3182818515164067,0.2491360960220746,0.06914575549433215,0.060918201667654555,0.07754800971715897,9.999000099990002e-05,0.0005999400059994001,True,0.2288892273835892
comprehensiveness,mean,30,0.3182818515164067,0.22692087426371735,0.09136097725268937,0.08276655432587213,0.10014028560844433,9.999000099990002e-05,0.0016998300169983002,True,0.2916313770175428
comprehensiveness,sum,30,0.3182818515164067,0.2524814074158077,0.06580044410059899,0.057573147102425636,0.07402544968307867,9.999000099990002e-05,0.0027997200279972004,True,0.22390406974593177
suff_efficiency,max,10,1.1941146243251535,3.53539847502863,-2.3412838507034768,-2.455926935857074,-2.2283745109090156,9.999000099990002e-05,0.0008999100089991002,True,-0.5703401985415907
suff_efficiency,mean,10,1.1941146243251535,3.6597178506555066,-2.4656032263303533,-2.581761347002545,-2.3511736049884266,9.999000099990002e-05,0.0023997600239976003,True,-0.5883034171109645
suff_efficiency,sum,10,1.1941146243251535,3.493316707963618,-2.299202083638465,-2.4127858341035466,-2.1882168331016416,9.999000099990002e-05,0.0032996700329967006,True,-0.5653391264353438
suff_efficiency,max,20,0.8068250348437228,1.8530709093563353,-1.046245874512613,-1.1030497646054078,-0.9896343433551449,9.999000099990002e-05,0.0011998800119988001,True,-0.5125992463271316
suff_efficiency,mean,20,0.8068250348437228,1.9986769041133796,-1.191851869269657,-1.252387411235237,-1.1323977651950599,9.999000099990002e-05,0.0017998200179982003,True,-0.5521998063761365
suff_efficiency,sum,20,0.8068250348437228,1.8315942888580397,-1.0247692540143167,-1.0816508217592171,-0.9688026526918334,9.999000099990002e-05,0.0028997100289971005,True,-0.5107851383284663
suff_efficiency,max,30,0.5431624393107928,1.0044385489632577,-0.461276109652465,-0.495367223987373,-0.4276454291497889,9.999000099990002e-05,0.0006999300069993001,True,-0.3818855152219838
suff_efficiency,mean,30,0.5431624393107928,1.1106943456174554,-0.5675319063066626,-0.603827075502107,-0.5305916807201176,9.999000099990002e-05,0.0013998600139986002,True,-0.4310557453044754
suff_efficiency,sum,30,0.5431624393107928,0.9883850609656719,-0.4452226216548791,-0.47827067847656674,-0.4125396705587372,9.999000099990002e-05,0.0025997400259974005,True,-0.3775015497143044
sufficiency,max,10,0.183562947704096,0.3661301169131669,-0.1825671692090709,-0.19183910153501282,-0.17332407924101872,9.999000099990002e-05,0.0018998100189981002,True,-0.545376954133275
sufficiency,mean,10,0.183562947704096,0.382908544011657,-0.19934559630756102,-0.2091176074410383,-0.1897440018425011,9.999000099990002e-05,0.0022997700229977006,True,-0.5690692893945445
sufficiency,sum,10,0.183562947704096,0.3606903307096076,-0.1771273830055116,-0.18631322401317102,-0.1681620940419236,9.999000099990002e-05,0.0034996500349965005,True,-0.5410418565299923
sufficiency,max,20,0.17445330806503853,0.31559674685872235,-0.14114343879368382,-0.14951347370072046,-0.13266621983916377,9.999000099990002e-05,0.0010998900109989002,True,-0.46231926466624046
sufficiency,mean,20,0.17445330806503853,0.3407302339026361,-0.16627692583759757,-0.17529362653916097,-0.1572752221749669,9.999000099990002e-05,0.0021997800219978004,True,-0.5103264308779041
sufficiency,sum,20,0.17445330806503853,0.3114783258437903,-0.13702501777875176,-0.1453256978473187,-0.12870901757042136,9.999000099990002e-05,0.0030996900309969004,True,-0.4615335160041032
sufficiency,max,30,0.15587527924597386,0.24704301463721365,-0.09116773539123978,-0.09861730197112663,-0.08371261244669997,9.999000099990002e-05,0.0007999200079992001,True,-0.33968287753743703
sufficiency,mean,30,0.15587527924597386,0.2727939366586329,-0.11691865741265899,-0.12509632271657423,-0.10865360945580256,9.999000099990002e-05,0.0014998500149985003,True,-0.396652028583597
sufficiency,sum,30,0.15587527924597386,0.24301171360257678,-0.08713643435660293,-0.09448089671894401,-0.07981719665279345,9.999000099990002e-05,0.0026997300269973002,True,-0.33279288501101156
